,batter_name,batter_team,pitcher_name,avg_ev,avg_la
748595,Aaron Judge,NYY,Alex Cobb,98.83081851560023,21.070754503639836
748606,Giancarlo Stanton,NYY,Alex Cobb,97.40123589108876,2.8738809899375237
18908,Oscar Gonzalez,PHI,Nathan Eovaldi,96.70000000000002,12.0
737668,Gunnar Henderson,BAL,Chris Sale,96.300333709804,2.6190122295718083
743540,Teoscar Hernandez,TOR,Jack Flaherty,95.4576364363478,11.666219387830568
747823,Matt Olson,ATL,Josiah Gray,95.22300888587812,14.685415757047922
738189,Oneil Cruz,PIT,Nick Lodolo,95.01660232299396,6.659935826540937
747787,Austin Riley,ATL,Josiah Gray,94.86042677314396,11.496343516870503
5026,Jose Abreu,HOU,Lucas Giolito,94.67536123609085,7.514050713201267
738639,David Bote,CHC,Brandon Woodruff,94.52737914232807,4.501687062937063
748928,Freddie Freeman,LAD,Madison Bumgarner,94.4691612585535,15.832567920728923
738459,Jonah Heim,TEX,Zack Wheeler,94.4197852633054,16.167654331889786
738630,Franmil Reyes,CHC,Brandon Woodruff,94.24083113578334,13.090058206873582
720874,Salvador Perez,KC,Sonny Gray,93.96514835885338,19.186382888796963
748468,Carlos Santana,SEA,Aaron Civale,93.95704656441167,15.228454813415752
597314,Brad Miller,TEX,Zack Wheeler,93.78049651567945,19.908253038643572
1176,Dansby Swanson,CHC,Brandon Woodruff,93.70340202014549,12.59782105197966
564282,Byron Buxton,MIN,Jordan Lyles,93.69916428086981,23.16413880868302
739594,Luis Torrens,SEA,Aaron Civale,93.68749108034822,6.222545311831026
744165,Albert Pujols,STL,Kevin Gausman,93.67564200326991,14.50730005771984
735136,Tommy Pham,BOS,Dean Kremer,93.58759947568088,9.580657690371371
748466,Mitch Haniger,SEA,Aaron Civale,93.56874377540649,23.06000733626784
345566,Carlos Santana,KC,Sonny Gray,93.56089128801068,15.619935136207204
747981,Bryce Harper,PHI,Nathan Eovaldi,93.55549374935042,15.791789836173168
743546,Matt Chapman,TOR,Jack Flaherty,93.36910378953338,18.489993927534726
739333,James McCann,NYM,Edward Cabrera,93.36594962513699,12.557217473884142
748205,Yordan Alvarez,HOU,Lucas Giolito,93.3566143631063,12.180831170265485
747970,Kyle Schwarber,PHI,Nathan Eovaldi,93.32599439669654,20.961124076794412
743520,Bo Bichette,TOR,Jack Flaherty,93.29652727208607,9.710569090276378
734537,Willson Contreras,CHC,Brandon Woodruff,93.18495779531395,8.014168698709426
531359,Stephen Piscotty,OAK,Patrick Sandoval,93.16442435696285,7.283600150673322
5788,Mike Zunino,CLE,Logan Gilbert,93.16428731221885,21.08859100135101
459670,Emmanuel Rivera,KC,Sonny Gray,93.14394485663328,3.798090038993265
748925,Trea Turner,LAD,Madison Bumgarner,93.12734492904917,10.66422865336948
747810,Ronald Acuna Jr.,ATL,Josiah Gray,93.0297488503001,4.718453373352289
710035,Ketel Marte,ARI,Clayton Kershaw,93.00566946293253,14.303200587757383
740398,Darick Hall,PHI,Nathan Eovaldi,92.97632070733464,12.468169205995292
587126,Sam Hilliard,COL,Michael Wacha,92.96785605301905,12.633963888834968
732530,Sam Huff,TEX,Zack Wheeler,92.89083475479745,14.434147121535181
735785,Carlos Correa,MIN,Jordan Lyles,92.8775087488873,11.691097494229645
741451,Keston Hiura,MIL,Justin Steele,92.87714060796853,17.905631594246852
741575,Ryan McMahon,COL,Michael Wacha,92.75506649343971,8.957115128013927
733546,Miguel Cabrera,DET,Zach Eflin,92.69327470764595,3.572844745538891
2481,Willson Contreras,STL,Kevin Gausman,92.63531970053936,6.443865511742271
741454,Victor Caratini,MIL,Justin Steele,92.63453813797071,4.822007454280994
738582,Seiya Suzuki,CHC,Brandon Woodruff,92.60377917809396,12.645700842658878
147175,Trayce Thompson,SD,Jose Urena,92.60057496138872,26.9874238071279
161,Sam Hilliard,ATL,Josiah Gray,92.51243514489677,5.6258597129123915
476186,Tommy Pham,CIN,Rich Hill,92.51182229723948,8.312945804649386
748910,Trayce Thompson,LAD,Madison Bumgarner,92.47944715447156,25.935620059532788
478855,J.D. Davis,NYM,Edward Cabrera,92.46178047230619,11.442673674127848
738382,Nathaniel Lowe,TEX,Zack Wheeler,92.42807637826252,5.447826004379129
586524,Bligh Madris,PIT,Nick Lodolo,92.3918695729222,12.936525974025974
741426,Christian Yelich,MIL,Justin Steele,92.14174258076436,2.1129141135821485
658613,Kyle Garlick,MIN,Jordan Lyles,92.13302401238448,13.622097470441043
740161,Eric Hosmer,BOS,Dean Kremer,92.10787615789349,0.8563066770084268
1275,Matt Vierling,DET,Zach Eflin,92.08974279098338,9.378131289000853
5930,Teoscar Hernandez,SEA,Aaron Civale,92.08385242121943,10.671507121338797
738204,Cal Mitchell,PIT,Nick Lodolo,92.07775874285313,3.566700434520362
704449,Garrett Cooper,MIA,Tylor Megill,92.05994463731894,11.529450892504624
740222,Bobby Dalbec,BOS,Dean Kremer,92.04981359019871,10.768569414310532
727179,Jesse Winker,SEA,Aaron Civale,91.89179160142824,20.426226018382188
740691,Jake Cave,MIN,Jordan Lyles,91.8449322089947,18.271523326210826
742244,Nolan Gorman,STL,Kevin Gausman,91.8053092506456,17.34297157072224
743474,George Springer,TOR,Jack Flaherty,91.77115045024259,10.828658146067953
1606,Jake Cave,PHI,Nathan Eovaldi,91.70617319702556,12.559305264201077
463323,Tyler Naquin,CIN,Rich Hill,91.69255071262862,15.412967484739918
744424,Pete Alonso,NYM,Edward Cabrera,91.58021837857503,18.971406256732333
737359,Ryan Mountcastle,BAL,Chris Sale,91.52734219211139,14.35093234471967
748921,Mookie Betts,LAD,Madison Bumgarner,91.52720301929602,24.149203061381485
740680,Nick Gordon,MIN,Jordan Lyles,91.47641237380071,8.48489147342212
468002,David Peralta,ARI,Clayton Kershaw,91.46907765769652,12.309663751579086
740678,Gio Urshela,MIN,Jordan Lyles,91.4487896436143,11.180468225828385
738911,MJ Melendez,KC,Sonny Gray,91.42151282051282,17.936362555764696
741565,Randal Grichuk,COL,Michael Wacha,91.41310819911052,10.987447169797106
612936,Colin Moran,CIN,Rich Hill,91.38373005698004,9.923259798259798
749053,Manny Machado,SD,Jose Urena,91.3785425546596,15.28565043995718
741437,Rowdy Tellez,MIL,Justin Steele,91.36576783778908,21.535535510082745
743554,Danny Jansen,TOR,Jack Flaherty,91.36412424877444,24.285639589169
729926,Andrew McCutchen,MIL,Justin Steele,91.28658774301141,12.190704606776976
738153,Ke'Bryan Hayes,PIT,Nick Lodolo,91.21375479994384,6.316822061317982
741186,Nick Fortes,MIA,Tylor Megill,91.13055669608445,13.022906284166591
748610,Josh Donaldson,NYY,Alex Cobb,91.12400141332424,15.701204329097592
737930,Shea Langeliers,OAK,Patrick Sandoval,91.10785347187307,20.51428559095226
748342,Eugenio Suarez,SEA,Aaron Civale,91.06779192588701,17.582255043257163
741300,Christian Walker,ARI,Clayton Kershaw,91.02023375032086,16.102454395190687
740184,Rafael Devers,BOS,Dean Kremer,90.98355601285934,2.747906299955118
741185,Bryan De La Cruz,MIA,Tylor Megill,90.96900800899726,9.93788684154196
5575,David Peralta,LAD,Madison Bumgarner,90.92327225939269,14.58478213989398
738913,Bobby Witt Jr.,KC,Sonny Gray,90.88726804863498,15.868176354758564
2656,Donovan Solano,MIN,Jordan Lyles,90.87519002293897,12.081360767884604
738628,Nelson Velazquez,CHC,Brandon Woodruff,90.86253272034944,10.523831149693219
741729,Joey Gallo,LAD,Madison Bumgarner,90.86172474045044,24.838525405263283
740199,J.D. Martinez,BOS,Dean Kremer,90.85575429850896,22.33816743685165
157,Sean Murphy,ATL,Josiah Gray,90.84741075614859,12.723759919799837
3974,Jace Peterson,OAK,Patrick Sandoval,90.79059900533939,6.617726767316302
2122,Wil Myers,CIN,Rich Hill,90.78181265404453,11.024170892015567
438325,Jorge Soler,MIA,Tylor Megill,90.7818021500103,10.912036766244894
735430,Mike Brosseau,MIL,Justin Steele,90.69770938028414,17.276274828170873
476054,Trey Mancini,BAL,Chris Sale,90.68988755251031,10.364761748303232
727910,Hunter Dozier,KC,Sonny Gray,90.67496850343765,12.002836198909698
747959,Alec Bohm,PHI,Nathan Eovaldi,90.64587214408671,10.982525084476034
742235,Paul DeJong,STL,Kevin Gausman,90.61580260064738,22.170352495352493
2809,Franmil Reyes,KC,Sonny Gray,90.59247322261616,11.318724738580077
738487,Ian Happ,CHC,Brandon Woodruff,90.5200577736709,10.096010198277458
748592,Gleyber Torres,NYY,Alex Cobb,90.50554325595463,25.845163899293276
734425,Bryan Reynolds,PIT,Nick Lodolo,90.47726845962528,10.15690757757694
334161,Trevor Larnach,MIN,Jordan Lyles,90.45674057983798,13.602600493739734
718377,Emmanuel Rivera,ARI,Clayton Kershaw,90.45534268634103,9.068390683219933
749048,Juan Soto,SD,Jose Urena,90.44772719845602,12.030100579878397
479693,Franmil Reyes,CLE,Logan Gilbert,90.42368124190132,13.688923210336247
744161,Lars Nootbaar,STL,Kevin Gausman,90.41707728867536,9.484031115990275
1976,Carlos Santana,PIT,Nick Lodolo,90.38773848823273,13.692227590859295
745706,Matt Vierling,PHI,Nathan Eovaldi,90.36201506896424,9.75255793518945
747800,Orlando Arcia,ATL,Josiah Gray,90.35125475591038,8.576154322387797
744180,Brendan Donovan,STL,Kevin Gausman,90.3487490671045,6.636307619142056
736669,Elias Diaz,COL,Michael Wacha,90.31331244387216,9.964477067117242
747978,J.T. Realmuto,PHI,Nathan Eovaldi,90.25774944546338,14.5963528849306
733276,Ryan O'Hearn,KC,Sonny Gray,90.20325862582906,12.932534093449586
741576,Brendan Rodgers,COL,Michael Wacha,90.19097766955872,4.716446317923716
741305,Josh Rojas,ARI,Clayton Kershaw,90.16558134481606,12.784642300264847
353457,Jazz Chisholm Jr.,MIA,Tylor Megill,90.15813903792126,16.898300325740493
4754,Jean Segura,MIA,Tylor Megill,90.11079852745776,1.4301407577797922
729792,Cooper Hummel,ARI,Clayton Kershaw,90.09128255370126,5.450013536669822
748776,Amed Rosario,CLE,Logan Gilbert,90.08479721984925,4.587746354501629
720035,Rob Refsnyder,BOS,Dean Kremer,90.03661664347374,15.462929292929292
738744,Donovan Solano,CIN,Rich Hill,90.0105755769133,12.14571677412806
747976,Rhys Hoskins,PHI,Nathan Eovaldi,90.00798529851724,21.309125256084076
1062,William Contreras,MIL,Justin Steele,89.98387887907882,9.810417683259256
741431,Willy Adames,MIL,Justin Steele,89.92604747393658,24.836649821250017
434214,Daniel Vogelbach,PIT,Nick Lodolo,89.87557237704738,20.8314010888282
743525,Vladimir Guerrero,TOR,Jack Flaherty,89.87285696097915,-2.032682426166949
744173,Paul Goldschmidt,STL,Kevin Gausman,89.85247427174671,11.349970171417615
2590,Joey Gallo,MIN,Jordan Lyles,89.83604504048583,14.347021399652979
737676,Austin Hays,BAL,Chris Sale,89.8328956964906,10.935088725501222
748215,Kyle Tucker,HOU,Lucas Giolito,89.82982989873301,17.27526588776607
738919,Edward Olivares,KC,Sonny Gray,89.8064874274544,5.839334923158453
747797,William Contreras,ATL,Josiah Gray,89.79473632536421,5.802914575856185
747817,Dansby Swanson,ATL,Josiah Gray,89.7683850280464,14.340441319079313
738194,Diego Castillo,PIT,Nick Lodolo,89.7653379011104,10.928374936543115
741189,Jesus Sanchez,MIA,Tylor Megill,89.73809297975298,9.68062967309708
257441,Mike Ford,SEA,Aaron Civale,89.72660130718953,16.072469113037062
748915,Cody Bellinger,LAD,Madison Bumgarner,89.72087873589346,21.30151560146121
741421,Tyrone Taylor,MIL,Justin Steele,89.7001938383536,17.78080567366921
741309,Corbin Carroll,ARI,Clayton Kershaw,89.66900637116912,12.363111612752403
720620,Vimael Machin,OAK,Patrick Sandoval,89.66756392655134,6.961947627501398
193943,Yu Chang,CLE,Logan Gilbert,89.66356224903687,17.220476591309925
345182,Yu Chang,PIT,Nick Lodolo,89.65306467365163,17.70612012778912
463921,Joey Gallo,NYY,Alex Cobb,89.63990063431508,24.02695637749872
737657,Anthony Santander,BAL,Chris Sale,89.61593142682007,25.136249896898505
481109,Luke Voit,SD,Jose Urena,89.6055059470206,18.83599146086879
1039,Brian Anderson,MIL,Justin Steele,89.55790402422862,8.895659252013614
748602,Anthony Rizzo,NYY,Alex Cobb,89.54089750232545,21.16103596776039
396264,Christian Bethancourt,OAK,Patrick Sandoval,89.47160438656259,8.838752394946493
741289,Pavin Smith,ARI,Clayton Kershaw,89.44857135898837,14.023225942143567
2653,Kyle Farmer,MIN,Jordan Lyles,89.43707330104999,9.594126943634425
740603,Luis Arraez,MIN,Jordan Lyles,89.42715032065969,14.86210474147278
747982,Nick Castellanos,PHI,Nathan Eovaldi,89.42667421515739,14.772055307548653
748903,Max Muncy,LAD,Madison Bumgarner,89.40625772081123,16.125188081016535
640993,Trevor Story,BOS,Dean Kremer,89.39720624964362,12.362761239554805
930,Justin Turner,BOS,Dean Kremer,89.37937575685156,11.368982669380467
660168,Kevin Plawecki,BOS,Dean Kremer,89.33868804648418,11.72092205406351
748218,Yuli Gurriel,HOU,Lucas Giolito,89.33053127995545,13.474488820644611
748584,Kyle Higashioka,NYY,Alex Cobb,89.31619328476536,13.332023029768301
4593,Tommy Pham,NYM,Edward Cabrera,89.30621702316313,2.0766840721460182
740232,Alex Verdugo,BOS,Dean Kremer,89.3025805427541,17.207051922808787
738062,Andrew Knizner,STL,Kevin Gausman,89.3008438651313,11.884486801956927
747026,Jose Trevino,NYY,Alex Cobb,89.27004544613729,6.88969393540045
196904,Ildemaro Vargas,CHC,Brandon Woodruff,89.25265153287498,6.080898587695948
738809,Matt Reynolds,CIN,Rich Hill,89.25101657868102,6.082005220398095
748781,Josh Naylor,CLE,Logan Gilbert,89.22017611149221,9.739961152391972
738203,Jack Suwinski,PIT,Nick Lodolo,89.20416321319307,12.477581289115193
727911,Michael A. Taylor,KC,Sonny Gray,89.2010787769336,6.403628063364733
628397,Lourdes Gurriel Jr.,TOR,Jack Flaherty,89.18640366226016,11.307342021365962
738915,Vinnie Pasquantino,KC,Sonny Gray,89.17896510954485,23.508747299616594
427239,Tyler Stephenson,CIN,Rich Hill,89.1765895658081,14.383565056843924
478626,Brandon Drury,CIN,Rich Hill,89.17297535521168,13.048962710444671
4740,Yuli Gurriel,MIA,Tylor Megill,89.16614712001059,11.087744341236286
748881,Chris Taylor,LAD,Madison Bumgarner,89.14113131678785,21.318531334117996
748480,Julio Rodriguez,SEA,Aaron Civale,89.11275272422534,14.773812688286373
737905,Stephen Vogt,OAK,Patrick Sandoval,89.08774739149739,21.58825076818671
749067,Wil Myers,SD,Jose Urena,89.05141876539274,11.985461392705147
738307,DJ LeMahieu,NYY,Alex Cobb,89.03935751530331,3.2794528679397104
459664,Andrew Benintendi,KC,Sonny Gray,89.03369476569651,18.964638258802843
741178,Jon Berti,MIA,Tylor Megill,89.02642649187194,2.418695600250854
445881,Adam Duvall,ATL,Josiah Gray,89.01435157491697,14.566790252132202
747495,Austin Barnes,LAD,Madison Bumgarner,89.01376633282811,15.795778892217248
738601,Nico Hoerner,CHC,Brandon Woodruff,89.00197840055522,12.19063715783343
1185,Cody Bellinger,CHC,Brandon Woodruff,88.9916141113271,19.426278565617963
747830,Travis d'Arnaud,ATL,Josiah Gray,88.95620479420883,14.308579070886474
748898,Will Smith,LAD,Madison Bumgarner,88.94338826840377,25.125897952350652
540440,Elvis Andrus,OAK,Patrick Sandoval,88.88018632350229,14.466382033044093
741579,Elehuris Montero,COL,Michael Wacha,88.87205120793075,14.671616795576274
537680,Joey Votto,CIN,Rich Hill,88.83079840129213,17.54881716732488
5773,Josh Bell,CLE,Logan Gilbert,88.81552870239162,10.545567374122554
661657,Ramon Laureano,OAK,Patrick Sandoval,88.8057962406278,17.50525968137467
748918,Gavin Lux,LAD,Madison Bumgarner,88.80131779625322,6.99654553558242
5589,Miguel Rojas,LAD,Madison Bumgarner,88.80016964752231,9.722696593644981
5574,J.D. Martinez,LAD,Madison Bumgarner,88.79709400280048,14.57961491882553
683658,Sheldon Neuse,OAK,Patrick Sandoval,88.78246624411496,1.2462303803934767
747791,Michael Harris II,ATL,Josiah Gray,88.77376924803066,0.6281569360954243
747068,Matt Carpenter,NYY,Alex Cobb,88.77011996282317,20.056724040910645
2287,Brandon Belt,TOR,Jack Flaherty,88.7036433635222,20.753943621737736
749081,Austin Nola,SD,Jose Urena,88.69190376482872,10.447213365202009
617998,Franchy Cordero,BOS,Dean Kremer,88.66287406434145,10.762540943150714
5319,Matt Carpenter,SD,Jose Urena,88.64755411159824,20.945881330159175
333725,Jonathan Villar,CHC,Brandon Woodruff,88.64639276157024,-1.9425972668919378
748066,Trey Mancini,HOU,Lucas Giolito,88.58677316585913,12.148166690332523
338492,Jason Heyward,CHC,Brandon Woodruff,88.58048603420697,20.05558826400341
748785,Oscar Gonzalez,CLE,Logan Gilbert,88.55695962620193,6.240407492297667
939,Adam Duvall,BOS,Dean Kremer,88.55284716148802,23.196004635959767
2334,Kevin Kiermaier,TOR,Jack Flaherty,88.54884703605596,11.25754182463863
744177,Nolan Arenado,STL,Kevin Gausman,88.52969291045714,23.320396887068664
734986,Avisail Garcia,MIA,Tylor Megill,88.52002438159306,7.094724122179847
741582,Michael Toglia,COL,Michael Wacha,88.51693008734763,19.476557136716714
734991,Brian Anderson,MIA,Tylor Megill,88.49855838063827,5.577907757849857
300738,Austin Meadows,DET,Zach Eflin,88.46103777673837,20.743411900852085
736668,C.J. Cron,COL,Michael Wacha,88.44529711308367,17.57450842103039
5943,Cooper Hummel,SEA,Aaron Civale,88.43476726921524,7.477579677786533
735441,Hunter Renfroe,MIL,Justin Steele,88.422134049837,12.025620682280913
732535,Kole Calhoun,TEX,Zack Wheeler,88.412737117085,5.009885158650768
458972,Mike Ford,ATL,Josiah Gray,88.41020315229918,12.484460192422723
731559,Alan Trejo,COL,Michael Wacha,88.3880931620895,13.048174603174603
743514,Jackie Bradley Jr.,TOR,Jack Flaherty,88.3504298433353,9.948792040118839
747966,Jean Segura,PHI,Nathan Eovaldi,88.32432078147544,6.629769612939963
4001,Jesus Aguilar,OAK,Patrick Sandoval,88.2754110525723,19.11070266621296
740227,Yu Chang,BOS,Dean Kremer,88.22638071188071,12.356149888653377
737358,Adley Rutschman,BAL,Chris Sale,88.22190155271922,16.65976533978689
747277,Robbie Grossman,ATL,Josiah Gray,88.20571593791539,19.58192536577974
280120,Kevin Smith,OAK,Patrick Sandoval,88.17775234134557,14.120971506882322
744421,Francisco Lindor,NYM,Edward Cabrera,88.16217627276711,16.050596001406827
694053,Michael Chavis,PIT,Nick Lodolo,88.16214861863254,7.471710134367824
741165,Charles Leblanc,MIA,Tylor Megill,88.15159694702254,16.068287804964175
741176,Lewin Diaz,MIA,Tylor Megill,88.12325104331153,13.957281304717554
737511,Cavan Biggio,TOR,Jack Flaherty,88.07718178066077,20.375141910760178
5170,Harold Castro,COL,Michael Wacha,88.05650695240593,14.190611373026806
743557,Raimel Tapia,TOR,Jack Flaherty,88.0561399208147,8.082448646037728
2350,Daulton Varsho,TOR,Jack Flaherty,88.02981448346277,17.303996629516558
505498,Frank Schwindel,CHC,Brandon Woodruff,88.00286161780558,8.666286226318485
570859,Jesus Aguilar,MIA,Tylor Megill,87.98258828579715,13.292606315825816
738458,Josh H. Smith,TEX,Zack Wheeler,87.97453153458908,16.788334347807165
730810,Jonah Bride,OAK,Patrick Sandoval,87.94741564928735,8.86121720425802
744436,Daniel Vogelbach,NYM,Edward Cabrera,87.94232623594847,25.9841025739602
736248,Cristian Pache,OAK,Patrick Sandoval,87.9130873105777,2.608071935326837
732243,Corey Seager,TEX,Zack Wheeler,87.89434787304323,14.39601450351751
744439,Eduardo Escobar,NYM,Edward Cabrera,87.88223489037856,20.445514875560782
735770,Jose Miranda,MIN,Jordan Lyles,87.8498912030604,7.96948587655092
737928,Seth Brown,OAK,Patrick Sandoval,87.81727288428976,16.85619051944443
5295,Xander Bogaerts,SD,Jose Urena,87.80184111672882,16.37323242536529
612654,Josh VanMeter,PIT,Nick Lodolo,87.77226397786555,12.634880458302757
747967,Brandon Marsh,PHI,Nathan Eovaldi,87.72024148381624,14.615182865742733
743835,Darin Ruf,NYM,Edward Cabrera,87.71146000042977,15.593998203256836
5311,Nelson Cruz,SD,Jose Urena,87.6800874201786,15.57017710863808
4495,Tommy La Stella,SEA,Aaron Civale,87.67835546967294,10.220747867494264
2661,Christian Vazquez,MIN,Jordan Lyles,87.6764334892272,11.63876020979741
740220,Enrique Hernandez,BOS,Dean Kremer,87.66543836027913,13.602499693289166
746351,Jake Meyers,HOU,Lucas Giolito,87.66039691849369,8.938230735092848
739911,Jorge Alfaro,SD,Jose Urena,87.65751504592969,7.220318484176578
565878,Mike Moustakas,CIN,Rich Hill,87.65017353911026,20.84417101340225
475894,Jackie Bradley Jr.,BOS,Dean Kremer,87.62368782275529,17.949078018113212
740246,Christian Arroyo,BOS,Dean Kremer,87.62002044513459,10.770938040287884
427578,Dominic Smith,NYM,Edward Cabrera,87.58844576437541,7.224666280403551
404210,Mitch Garver,TEX,Zack Wheeler,87.55523136645964,14.347006458453825
748193,Chas McCormick,HOU,Lucas Giolito,87.54174579728459,17.503111241154873
740192,Xander Bogaerts,BOS,Dean Kremer,87.53943629163791,4.920669661489032
739468,Akil Baddoo,DET,Zach Eflin,87.53060037575882,19.396431158295567
737876,Chad Pinder,OAK,Patrick Sandoval,87.51494391880647,12.339827320976516
744431,Mark Canha,NYM,Edward Cabrera,87.51107131053402,11.233634730630467
734407,Ben Gamel,PIT,Nick Lodolo,87.50964731107533,10.87883990647345
741444,Jace Peterson,MIL,Justin Steele,87.48541930684242,5.9117268684108
1056,Jesse Winker,MIL,Justin Steele,87.46416717208156,16.41227899819405
748197,Christian Vazquez,HOU,Lucas Giolito,87.4604171254281,13.629067300834492
1784,Robbie Grossman,TEX,Zack Wheeler,87.39312770713482,15.012391572071106
737666,Jesus Aguilar,BAL,Chris Sale,87.38606434427378,13.691686404800615
747806,Eddie Rosario,ATL,Josiah Gray,87.3782689802377,15.401438436449046
743531,Alejandro Kirk,TOR,Jack Flaherty,87.36973123173304,7.6425065865321855
704074,Ramon Urias,BAL,Chris Sale,87.3277178312517,7.539429096744238
748457,Dylan Moore,SEA,Aaron Civale,87.30746124599264,21.478824575807337
737914,Dermis Garcia,OAK,Patrick Sandoval,87.29717948717948,11.102960372960373
9279,Isaac Paredes,DET,Zach Eflin,87.29712035169513,16.08403144044121
749059,Jake Cronenworth,SD,Jose Urena,87.27761760891022,16.987619987927566
443847,Edmundo Sosa,STL,Kevin Gausman,87.20660884088527,10.777383254112962
739440,Riley Greene,DET,Zach Eflin,87.1731955584112,4.46028718305504
739438,Kody Clemens,DET,Zach Eflin,87.15326028138527,23.196062875296747
748471,Adam Frazier,SEA,Aaron Civale,87.14035645607585,16.19311641918072
739456,Jonathan Schoop,DET,Zach Eflin,87.10960680063165,10.30374843304234
749054,Brandon Drury,SD,Jose Urena,87.0904217162706,23.693041103832318
921,Raimel Tapia,BOS,Dean Kremer,87.0671080586051,3.5098421769761448
738446,Adolis Garcia,TEX,Zack Wheeler,87.04041625410267,6.993781725520856
737350,Cedric Mullins,BAL,Chris Sale,87.03703109203308,19.712683095299443
739406,Javier Baez,DET,Zach Eflin,87.02515812431405,11.28958439365732
739447,Eric Haase,DET,Zach Eflin,86.98278278903678,18.81599808403943
676183,Nick Senzel,CIN,Rich Hill,86.9759431362382,11.708402542170262
739605,Abraham Toro,SEA,Aaron Civale,86.96141740344477,22.915243301812453
741286,Daulton Varsho,ARI,Clayton Kershaw,86.92650914951507,12.879595912777532
749073,Jurickson Profar,SD,Jose Urena,86.91576486512075,11.409781589252416
744428,Jeff McNeil,NYM,Edward Cabrera,86.8967135702859,10.596944633024407
700452,Alek Thomas,ARI,Clayton Kershaw,86.89478926563267,-1.8458632224520881
741180,JJ Bleday,MIA,Tylor Megill,86.87749449193629,32.27003633071296
474312,Robbie Grossman,DET,Zach Eflin,86.85982775326595,18.631300773749306
739312,Tyler Naquin,NYM,Edward Cabrera,86.82036166601385,10.203721074828984
662542,Tyler O'Neill,STL,Kevin Gausman,86.8203241892002,5.687473310864259
474602,Austin Romine,STL,Kevin Gausman,86.81860654387351,5.67042256945178
344467,Michael Brantley,HOU,Lucas Giolito,86.79404970895591,20.16618079588802
738304,Aaron Hicks,NYY,Alex Cobb,86.7736420139553,14.584406801769397
700175,Connor Joe,COL,Michael Wacha,86.72918356167924,1.2444035379303242
739611,Curt Casali,SEA,Aaron Civale,86.72786099537332,26.026876017143394
3994,Aledmys Diaz,OAK,Patrick Sandoval,86.71147434160592,13.062558698085013
605646,Andrew Benintendi,NYY,Alex Cobb,86.70995800449741,13.086478246484731
737926,Sean Murphy,OAK,Patrick Sandoval,86.70860241248032,16.532947022038446
733891,Victor Reyes,DET,Zach Eflin,86.70241518446687,14.043472473221621
475018,Yoshi Tsutsugo,PIT,Nick Lodolo,86.69454725195097,7.85058746623456
738173,Kevin Newman,PIT,Nick Lodolo,86.67524435171511,4.683246731762915
667432,Ozzie Albies,ATL,Josiah Gray,86.674491920932,11.665227062730445
737639,Tyler Nevin,BAL,Chris Sale,86.6707261259166,18.600891496121545
748210,Alex Bregman,HOU,Lucas Giolito,86.61078620723727,17.130929958212125
738334,Marwin Gonzalez,NYY,Alex Cobb,86.5577993523011,20.79394065234829
771,Adam Frazier,BAL,Chris Sale,86.50594564318244,9.210153073189321
748204,Jeremy Pena,HOU,Lucas Giolito,86.50572907335349,10.239672472539004
737680,Jorge Mateo,BAL,Chris Sale,86.5001853103155,11.79053221820972
738743,Kyle Farmer,CIN,Rich Hill,86.49015193481044,11.355363312673516
741440,Luis Urias,MIL,Justin Steele,86.48406511905026,13.777623302421134
748613,Isiah Kiner-Falefa,NYY,Alex Cobb,86.46345178857264,9.318996021147267
472306,Alex Kirilloff,MIN,Jordan Lyles,86.41301529754399,7.057862642431852
732234,Kevin Plawecki,TEX,Zack Wheeler,86.40312321441652,13.351797600417319
466519,Johan Camargo,PHI,Nathan Eovaldi,86.3976213945789,13.363764997994618
742738,Luis Guillorme,NYM,Edward Cabrera,86.38895414101842,4.279158509635215
737672,Rougned Odor,BAL,Chris Sale,86.38451955834603,24.562780177876256
643101,Max Kepler,MIN,Jordan Lyles,86.36334743056699,16.1267695020602
728871,Miguel Rojas,MIA,Tylor Megill,86.35657459435599,14.086169594468137
748587,Oswaldo Cabrera,NYY,Alex Cobb,86.35287809036657,14.988324808184142
740507,Mauricio Dubon,HOU,Lucas Giolito,86.34392508585755,14.259849071754614
360859,Oscar Mercado,PHI,Nathan Eovaldi,86.34180397267133,20.10071178254852
744194,Yadier Molina,STL,Kevin Gausman,86.32757746698788,17.588446639869318
1193,Eric Hosmer,CHC,Brandon Woodruff,86.3211617452676,10.439463301217973
1609,Trea Turner,PHI,Nathan Eovaldi,86.31509284302135,16.286050513705174
738933,Kyle Isbel,KC,Sonny Gray,86.30883823978944,17.521612444977993
739453,Jeimer Candelario,DET,Zach Eflin,86.27637141825976,22.319464391316288
476325,Alex Call,CLE,Logan Gilbert,86.27516243321082,18.021716766570194
734975,Joey Wendle,MIA,Tylor Megill,86.25647123055066,7.01731102097459
552636,Nomar Mazara,SD,Jose Urena,86.23516835029311,17.9441780463785
738650,Patrick Wisdom,CHC,Brandon Woodruff,86.23302093224558,23.40087712902862
475870,Christian Vazquez,BOS,Dean Kremer,86.22322489090783,19.758253387716575
749086,Ha-Seong Kim,SD,Jose Urena,86.21986850531543,14.759185299267822
744450,Brandon Nimmo,NYM,Edward Cabrera,86.19832863513965,4.99922568855209
738182,Tucupita Marcano,PIT,Nick Lodolo,86.17528865704418,8.374248748967851
738797,Austin Romine,CIN,Rich Hill,86.1743164330533,9.735247653950802
737646,Robinson Chirinos,BAL,Chris Sale,86.14328727748409,18.555697417242367
738640,Christopher Morel,CHC,Brandon Woodruff,86.14286237638905,5.815579023748065
738440,Marcus Semien,TEX,Zack Wheeler,86.11700008975997,28.514986629772675
735377,Kolten Wong,MIL,Justin Steele,86.08348808865371,12.543297502083743
744185,Juan Yepez,STL,Kevin Gausman,86.04537407849175,20.222170409795716
735252,Jordan Luplow,ARI,Clayton Kershaw,85.94392148373737,9.082564717876776
738184,Miguel Andujar,PIT,Nick Lodolo,85.90701239801503,7.771230037693157
10789,Reese McGuire,TOR,Jack Flaherty,85.90073633309753,12.08418442700585
1970,Andrew McCutchen,PIT,Nick Lodolo,85.89379554745824,19.51675672208805
748907,Justin Turner,LAD,Madison Bumgarner,85.83748561165797,13.960878787878789
734994,Jacob Stallings,MIA,Tylor Megill,85.77875228973272,11.93341229193342
744568,Edmundo Sosa,PHI,Nathan Eovaldi,85.77349727422848,5.142235928096697
740686,Gary Sanchez,MIN,Jordan Lyles,85.75593863268227,8.93692982949917
739444,Spencer Torkelson,DET,Zach Eflin,85.7246290634372,6.446122227962089
424613,Jose Siri,HOU,Lucas Giolito,85.71832493065972,16.287443915815906
670605,Richie Palacios,CLE,Logan Gilbert,85.7133391811437,15.627987634120112
738649,Alfonso Rivas,CHC,Brandon Woodruff,85.7058608058608,3.9586514195186964
357455,Sergio Alcantara,SD,Jose Urena,85.64380898234919,13.481191661760631
632356,Nick Madrigal,CHC,Brandon Woodruff,85.63127180647335,3.0251469724034488
742241,Dylan Carlson,STL,Kevin Gausman,85.61172924295353,11.959652613920536
747963,Bryson Stott,PHI,Nathan Eovaldi,85.56972465715782,12.12952074793356
744199,Tommy Edman,STL,Kevin Gausman,85.53331278048653,19.28470193755641
736675,Jose Iglesias,COL,Michael Wacha,85.52180994345208,3.3484880109576713
558748,Michael Perez,NYM,Edward Cabrera,85.43061099133422,16.14519205423086
738922,Michael Massey,KC,Sonny Gray,85.38504998094689,20.337084623323015
2665,Michael A. Taylor,MIN,Jordan Lyles,85.38204947680754,13.975627627900252
541653,Seth Beer,ARI,Clayton Kershaw,85.36450631414874,14.812391067538124
711589,Willi Castro,DET,Zach Eflin,85.34592339766324,17.341347595541727
747206,Vaughn Grissom,ATL,Josiah Gray,85.31686830777508,8.794923733512585
478189,Eric Hosmer,SD,Jose Urena,85.31370521886937,-4.711351270673762
748452,Ty France,SEA,Aaron Civale,85.31138949898141,6.121473586953976
486367,Didi Gregorius,PHI,Nathan Eovaldi,85.2598370920703,12.81006265561747
715403,Jarren Duran,BOS,Dean Kremer,85.24890099646416,0.8581223328591753
399061,Oscar Mercado,CLE,Logan Gilbert,85.24884775718107,18.573910102243435
747703,Josh Bell,SD,Jose Urena,85.19467605014631,10.714657541597688
748758,Andres Gimenez,CLE,Logan Gilbert,85.16429391853113,14.327198722452614
748477,J.P. Crawford,SEA,Aaron Civale,85.1591338608409,3.904300475643759
667060,Miguel Andujar,NYY,Alex Cobb,85.15241897145572,10.637626226113596
478230,CJ Abrams,SD,Jose Urena,85.15018546624509,4.362909582077694
728485,Yan Gomes,CHC,Brandon Woodruff,85.14910800335218,7.056563478626169
506192,Jed Lowrie,OAK,Patrick Sandoval,85.13794033031088,12.604091118681787
744190,Corey Dickerson,STL,Kevin Gausman,84.94258796455257,13.015265451843623
748475,Jarred Kelenic,SEA,Aaron Civale,84.78592119970193,7.210646423248883
733260,Nicky Lopez,KC,Sonny Gray,84.75246193601969,6.534118710139849
738633,P.J. Higgins,CHC,Brandon Woodruff,84.63089141842691,10.244341875872408
535185,Brett Phillips,BAL,Chris Sale,84.62500724094555,19.385249847724683
740675,Ryan Jeffers,MIN,Jordan Lyles,84.57747014886246,15.164416529167925
738468,Leody Taveras,TEX,Zack Wheeler,84.56889486976976,20.34819276076425
749077,Trent Grisham,SD,Jose Urena,84.4920137000175,14.656572205562933
1303,Zach McKinstry,DET,Zach Eflin,84.45040213898062,5.383804768911152
733880,Tucker Barnhart,DET,Zach Eflin,84.42327230818016,7.451912065999802
4751,Luis Arraez,MIA,Tylor Megill,84.37404902713214,1.5080517002847813
741552,Garrett Hampson,COL,Michael Wacha,84.37241533187873,7.395212724061324
464881,Zach McKinstry,LAD,Madison Bumgarner,84.36118829071133,12.53057915378642
748767,Luke Maile,CLE,Logan Gilbert,84.32196677314546,20.31883340081985
728599,Aristides Aquino,CIN,Rich Hill,84.2982036396228,18.818709613278664
738807,Jake Fraley,CIN,Rich Hill,84.20361017235507,17.78893226053328
748618,Harrison Bader,NYY,Alex Cobb,84.14892948774849,23.19763336152195
2956,Omar Narvaez,NYM,Edward Cabrera,84.13419088248041,12.57149583234751
346738,Harrison Bader,STL,Kevin Gausman,84.10610778602971,21.793565758849
734605,Jonathan India,CIN,Rich Hill,84.10064233583248,14.749980834836139
743466,Whit Merrifield,TOR,Jack Flaherty,84.02821369656705,21.684428535370717
735469,Omar Narvaez,MIL,Justin Steele,83.99689822707172,17.676294220195796
658529,Nick Pratto,KC,Sonny Gray,83.97651515151514,18.576144895305124
743509,Santiago Espinal,TOR,Jack Flaherty,83.9191433731987,20.281746448951356
748778,Jose Ramirez,CLE,Logan Gilbert,83.89250536668354,21.81750311854926
738644,Zach McKinstry,CHC,Brandon Woodruff,83.84941287553073,13.426005446166736
474859,Odubel Herrera,PHI,Nathan Eovaldi,83.79389861200497,1.0244737213782025
694060,Greg Allen,PIT,Nick Lodolo,83.76538367935305,5.724609029475734
748769,Myles Straw,CLE,Logan Gilbert,83.75288769742481,11.31950097814717
740251,Reese McGuire,BOS,Dean Kremer,83.68927283150444,11.649721041352544
738791,Jose Barrero,CIN,Rich Hill,83.67254716884001,26.797184715134357
731567,Yonathan Daza,COL,Michael Wacha,83.66919465247236,0.2664786981794875
477631,Kris Bryant,COL,Michael Wacha,83.63776112654588,16.40693206886917
737594,Ryan McKenna,BAL,Chris Sale,83.59689757231813,16.014216398376956
747267,Marcell Ozuna,ATL,Josiah Gray,83.56498070561186,5.265141239832844
706851,Charlie Blackmon,COL,Michael Wacha,83.5497765534494,10.111675489951926
740696,Gilberto Celestino,MIN,Jordan Lyles,83.45558429067216,-2.527249472518349
704519,Luke Williams,MIA,Tylor Megill,83.44790327540328,13.548991545020959
738163,Jason Delay,PIT,Nick Lodolo,83.44355240431571,12.184854692182364
737921,Tony Kemp,OAK,Patrick Sandoval,83.36302317073243,9.896017631270858
744444,Tomas Nido,NYM,Edward Cabrera,83.35074737073846,6.84284820647419
629636,Ezequiel Duran,TEX,Zack Wheeler,83.31858631276737,8.831181643908916
621989,Albert Almora Jr.,CIN,Rich Hill,83.29161679465668,4.823113015897943
741559,Brian Serven,COL,Michael Wacha,83.29098369858431,14.621123833965076
741312,Sergio Alcantara,ARI,Clayton Kershaw,83.19963114613658,15.695602481357012
748191,Aledmys Diaz,HOU,Lucas Giolito,83.19789717065278,17.517276366129412
738177,Rodolfo Castro,PIT,Nick Lodolo,83.19327820508657,12.984852947470252
748773,Steven Kwan,CLE,Logan Gilbert,83.18321850565086,11.783473760314589
748041,Martin Maldonado,HOU,Lucas Giolito,83.16621989459581,16.399779482372853
744456,Starling Marte,NYM,Edward Cabrera,83.11683298751224,2.909803466235582
731101,Sam Haggerty,SEA,Aaron Civale,83.01140552995392,12.605193193902872
746954,Owen Miller,CLE,Logan Gilbert,82.83437503456827,0.8724755514108816
418457,Michael Perez,PIT,Nick Lodolo,82.69573943006147,7.180841663045052
5953,Kolten Wong,SEA,Aaron Civale,82.67813805272264,25.89922814755413
739904,Jose Azocar,SD,Jose Urena,82.59448270274261,4.409550835855708
649991,Rafael Ortega,CHC,Brandon Woodruff,82.44128801559496,9.041158020935566
741719,Hanser Alberto,LAD,Madison Bumgarner,82.25432841932842,16.418226486457854
741317,Geraldo Perdomo,ARI,Clayton Kershaw,82.18152677785886,10.065995444757764
584571,Jorge Polanco,MIN,Jordan Lyles,82.16992272381283,16.885591035992032
748462,Cal Raleigh,SEA,Aaron Civale,82.12911467218466,30.137383799673714
748198,Jose Altuve,HOU,Lucas Giolito,81.9771538139585,17.78876904689977
741314,Carson Kelly,ARI,Clayton Kershaw,81.71185000255396,13.23189364515425
741294,Jake McCarthy,ARI,Clayton Kershaw,81.62926159559136,8.10114600294279
733574,Harold Castro,DET,Zach Eflin,81.5517634922752,1.0042635025729474
738801,Alejo Lopez,CIN,Rich Hill,81.52335556533873,10.897475303938906
748694,Austin Hedges,CLE,Logan Gilbert,81.13366432636329,14.448542288911888
480689,Whit Merrifield,KC,Sonny Gray,81.08570222740646,11.005290697284535
740387,Garrett Stubbs,PHI,Nathan Eovaldi,81.01716590847346,11.959627098026804
506474,Jose Herrera,ARI,Clayton Kershaw,80.93889092573225,-4.202702596955775
306670,Lorenzo Cain,MIL,Justin Steele,80.79466490299822,-2.5205144987610297
737919,Nick Allen,OAK,Patrick Sandoval,80.64780702550944,11.352342336870786
737906,Ernie Clement,OAK,Patrick Sandoval,80.59315619236828,15.519378768985467
1188,Trey Mancini,CHC,Brandon Woodruff,80.16210897934491,12.077325450091324
664145,Ernie Clement,CLE,Logan Gilbert,79.07799616181603,9.942457265520146
738434,Bubba Thompson,TEX,Zack Wheeler,78.68779528985507,-8.924082300678046
1956,Austin Hedges,PIT,Nick Lodolo,78.17239445279519,17.526779604076726
728551,TJ Friedl,CIN,Rich Hill,77.49931429608468,13.973422781497316
734365,Tyler Heineman,PIT,Nick Lodolo,76.67803592355422,14.122133244355469
152314,Tyler Heineman,TOR,Jack Flaherty,71.00709543525066,9.371987420151898
